{"epoch": [1, 2, 3, 4], "loss": [0.662296624955208, 0.5399289318556518, 0.4448744498597268, 0.39448404218179434], "val_loss": [0.7936857803059476, 0.8717900875157544, 0.8566634360434754, 0.864391546882689]}